fill_id,trade_ms,side,rung,entry_px,anchor_px,notional_usd,result,duration_ms,mae_bps,gross_bps,net_bps,net_usd
1,1790705417604,BUY,T2,0.012320000000000001,0.01234,25.0,SNAPBACK,36399,12.18,16.23,12.63,0.0316
2,1790705417604,BUY,T2,0.012320000000000001,0.01234,25.0,SNAPBACK,36399,12.18,16.23,12.63,0.0316
3,1790705417604,BUY,T2,0.012320000000000001,0.01234,25.0,SNAPBACK,36399,12.18,16.23,12.63,0.0316
4,1790705417604,BUY,T2,0.012320000000000001,0.01234,25.0,SNAPBACK,36399,12.18,16.23,12.63,0.0316
5,1790705417604,BUY,T2,0.012320000000000001,0.01234,25.0,SNAPBACK,36399,12.18,16.23,12.63,0.0316
6,1790705417604,BUY,T2,0.012320000000000001,0.01234,25.0,SNAPBACK,36399,12.18,16.23,12.63,0.0316
7,1790705417604,BUY,T2,0.012320000000000001,0.01234,25.0,SNAPBACK,36399,12.18,16.23,12.63,0.0316
8,1790705417604,BUY,T2,0.012320000000000001,0.01234,25.0,SNAPBACK,36399,12.18,16.23,12.63,0.0316
9,1790705417604,BUY,T2,0.012320000000000001,0.01234,25.0,SNAPBACK,36399,12.18,16.23,12.63,0.0316
10,1790705417604,BUY,T2,0.012320000000000001,0.01234,25.0,SNAPBACK,36399,12.18,16.23,12.63,0.0316
11,1790705417604,BUY,T2,0.012320000000000001,0.01234,25.0,SNAPBACK,36399,12.18,16.23,12.63,0.0316
12,1790705417604,BUY,T2,0.012320000000000001,0.01234,25.0,SNAPBACK,36399,12.18,16.23,12.63,0.0316
13,1790705417604,BUY,T2,0.012320000000000001,0.01234,25.0,SNAPBACK,36399,12.18,16.23,12.63,0.0316
14,1790705417604,BUY,T3,0.01231,0.01234,50.0,SNAPBACK,36399,4.06,24.37,20.77,0.1039
15,1790705431212,BUY,T2,0.0123,0.01232,25.0,SNAPBACK,271,0.0,16.26,12.66,0.0317
16,1790705431212,BUY,T2,0.0123,0.01232,25.0,SNAPBACK,271,0.0,16.26,12.66,0.0317
17,1790705431213,BUY,T2,0.0123,0.01232,25.0,SNAPBACK,270,0.0,16.26,12.66,0.0317
18,1790705433922,BUY,T2,0.0123,0.01232,25.0,SNAPBACK,105,0.0,16.26,12.66,0.0317
19,1790705433922,BUY,T2,0.0123,0.01232,25.0,SNAPBACK,105,0.0,16.26,12.66,0.0317
20,1790705433922,BUY,T2,0.0123,0.01232,25.0,SNAPBACK,105,0.0,16.26,12.66,0.0317
21,1790705433922,BUY,T2,0.0123,0.01232,25.0,SNAPBACK,105,0.0,16.26,12.66,0.0317
22,1790705433922,BUY,T2,0.0123,0.01232,25.0,SNAPBACK,105,0.0,16.26,12.66,0.0317
23,1790705433922,BUY,T2,0.0123,0.01232,25.0,SNAPBACK,105,0.0,16.26,12.66,0.0317
24,1790705433922,BUY,T2,0.0123,0.01232,25.0,SNAPBACK,105,0.0,16.26,12.66,0.0317
25,1790705433922,BUY,T2,0.0123,0.01232,25.0,SNAPBACK,105,0.0,16.26,12.66,0.0317
26,1790705433922,BUY,T2,0.0123,0.01232,25.0,SNAPBACK,105,0.0,16.26,12.66,0.0317
27,1790705433922,BUY,T2,0.0123,0.01232,25.0,SNAPBACK,105,0.0,16.26,12.66,0.0317
28,1790705433922,BUY,T2,0.0123,0.01232,25.0,SNAPBACK,105,0.0,16.26,12.66,0.0317
29,1790705433922,BUY,T2,0.0123,0.01232,25.0,SNAPBACK,105,0.0,16.26,12.66,0.0317
30,1790705433922,BUY,T2,0.0123,0.01232,25.0,SNAPBACK,105,0.0,16.26,12.66,0.0317
31,1790705433922,BUY,T2,0.0123,0.01232,25.0,SNAPBACK,105,0.0,16.26,12.66,0.0317
32,1790705433922,BUY,T2,0.0123,0.01232,25.0,SNAPBACK,105,0.0,16.26,12.66,0.0317
33,1790705433922,BUY,T2,0.0123,0.01232,25.0,SNAPBACK,105,0.0,16.26,12.66,0.0317
34,1790705433922,BUY,T2,0.0123,0.01232,25.0,SNAPBACK,105,0.0,16.26,12.66,0.0317
35,1790705433922,BUY,T3,0.012289999999999999,0.01232,50.0,SNAPBACK,105,0.0,24.41,20.81,0.1041
36,1790705453983,SELL,T2,0.01236,0.01234,25.0,SNAPBACK,23822,12.14,16.18,12.58,0.0315
37,1790705453983,SELL,T2,0.01236,0.01234,25.0,SNAPBACK,23822,12.14,16.18,12.58,0.0315
38,1790705453983,SELL,T2,0.01236,0.01234,25.0,SNAPBACK,23822,12.14,16.18,12.58,0.0315
39,1790705453983,SELL,T2,0.01236,0.01234,25.0,SNAPBACK,23822,12.14,16.18,12.58,0.0315
40,1790705453983,SELL,T2,0.01236,0.01234,25.0,SNAPBACK,23822,12.14,16.18,12.58,0.0315
41,1790705453983,SELL,T2,0.01236,0.01234,25.0,SNAPBACK,23822,12.14,16.18,12.58,0.0315
42,1790705453983,SELL,T2,0.01236,0.01234,25.0,SNAPBACK,23822,12.14,16.18,12.58,0.0315
43,1790705453983,SELL,T2,0.01236,0.01234,25.0,SNAPBACK,23822,12.14,16.18,12.58,0.0315
44,1790705453983,SELL,T2,0.01236,0.01234,25.0,SNAPBACK,23822,12.14,16.18,12.58,0.0315
45,1790705453983,SELL,T2,0.01236,0.01234,25.0,SNAPBACK,23822,12.14,16.18,12.58,0.0315
46,1790705453983,SELL,T2,0.01236,0.01234,25.0,SNAPBACK,23822,12.14,16.18,12.58,0.0315
47,1790705453983,SELL,T3,0.01237,0.01234,50.0,SNAPBACK,23822,4.04,24.25,20.65,0.1033
48,1790705453983,SELL,T2,0.01236,0.01234,25.0,SNAPBACK,23822,12.14,16.18,12.58,0.0315
49,1790705453983,SELL,T3,0.01237,0.01234,50.0,SNAPBACK,23822,4.04,24.25,20.65,0.1033
50,1790705453983,SELL,T2,0.01236,0.01234,25.0,SNAPBACK,23822,12.14,16.18,12.58,0.0315
51,1790705453983,SELL,T3,0.01237,0.01234,50.0,SNAPBACK,23822,4.04,24.25,20.65,0.1033
52,1790705453983,SELL,T2,0.01236,0.01234,25.0,SNAPBACK,23822,12.14,16.18,12.58,0.0315
53,1790705453983,SELL,T3,0.01237,0.01234,50.0,SNAPBACK,23822,4.04,24.25,20.65,0.1033
54,1790705453983,SELL,T2,0.01236,0.01234,25.0,SNAPBACK,23822,12.14,16.18,12.58,0.0315
55,1790705453983,SELL,T3,0.01237,0.01234,50.0,SNAPBACK,23822,4.04,24.25,20.65,0.1033
56,1790705453983,SELL,T2,0.01236,0.01234,25.0,SNAPBACK,23822,12.14,16.18,12.58,0.0315
57,1790705453983,SELL,T3,0.01237,0.01234,50.0,SNAPBACK,23822,4.04,24.25,20.65,0.1033
58,1790705453983,SELL,T2,0.01236,0.01234,25.0,SNAPBACK,23822,12.14,16.18,12.58,0.0315
59,1790705453983,SELL,T3,0.01237,0.01234,50.0,SNAPBACK,23822,4.04,24.25,20.65,0.1033
60,1790705453983,SELL,T2,0.01236,0.01234,25.0,SNAPBACK,23822,12.14,16.18,12.58,0.0315
61,1790705453983,SELL,T3,0.01237,0.01234,50.0,SNAPBACK,23822,4.04,24.25,20.65,0.1033
62,1790705453984,SELL,T2,0.01236,0.01234,25.0,SNAPBACK,23821,12.14,16.18,12.58,0.0315
63,1790705453984,SELL,T3,0.01237,0.01234,50.0,SNAPBACK,23821,4.04,24.25,20.65,0.1033
64,1790705453984,SELL,T2,0.01236,0.01234,25.0,SNAPBACK,23821,12.14,16.18,12.58,0.0315
65,1790705453984,SELL,T3,0.01237,0.01234,50.0,SNAPBACK,23821,4.04,24.25,20.65,0.1033
66,1790705453984,SELL,T2,0.01236,0.01234,25.0,SNAPBACK,23821,12.14,16.18,12.58,0.0315
67,1790705453984,SELL,T3,0.01237,0.01234,50.0,SNAPBACK,23821,4.04,24.25,20.65,0.1033
68,1790705464867,SELL,T2,0.012379999999999999,0.01236,25.0,SNAPBACK,1046,0.0,16.16,12.56,0.0314
69,1790705464867,SELL,T2,0.012379999999999999,0.01236,25.0,SNAPBACK,1046,0.0,16.16,12.56,0.0314
70,1790705464867,SELL,T2,0.012379999999999999,0.01236,25.0,SNAPBACK,1046,0.0,16.16,12.56,0.0314
71,1790705464867,SELL,T2,0.012379999999999999,0.01236,25.0,SNAPBACK,1046,0.0,16.16,12.56,0.0314
72,1790705464867,SELL,T2,0.012379999999999999,0.01236,25.0,SNAPBACK,1046,0.0,16.16,12.56,0.0314
73,1790705464867,SELL,T2,0.012379999999999999,0.01236,25.0,SNAPBACK,1046,0.0,16.16,12.56,0.0314
74,1790705464867,SELL,T2,0.012379999999999999,0.01236,25.0,SNAPBACK,1046,0.0,16.16,12.56,0.0314
75,1790705464867,SELL,T2,0.012379999999999999,0.01236,25.0,SNAPBACK,1046,0.0,16.16,12.56,0.0314
76,1790705464867,SELL,T2,0.012379999999999999,0.01236,25.0,SNAPBACK,1046,0.0,16.16,12.56,0.0314
77,1790705464867,SELL,T2,0.012379999999999999,0.01236,25.0,SNAPBACK,1046,0.0,16.16,12.56,0.0314
78,1790705464867,SELL,T2,0.012379999999999999,0.01236,25.0,SNAPBACK,1046,0.0,16.16,12.56,0.0314
79,1790705464867,SELL,T2,0.012379999999999999,0.01236,25.0,SNAPBACK,1046,0.0,16.16,12.56,0.0314
80,1790705464867,SELL,T2,0.012379999999999999,0.01236,25.0,SNAPBACK,1046,0.0,16.16,12.56,0.0314
81,1790705464867,SELL,T2,0.012379999999999999,0.01236,25.0,SNAPBACK,1046,0.0,16.16,12.56,0.0314
82,1790705464867,SELL,T2,0.012379999999999999,0.01236,25.0,SNAPBACK,1046,0.0,16.16,12.56,0.0314
83,1790705464867,SELL,T2,0.012379999999999999,0.01236,25.0,SNAPBACK,1046,0.0,16.16,12.56,0.0314
84,1790705483650,BUY,T2,0.012320000000000001,0.01234,25.0,SNAPBACK,2657,0.0,16.23,12.63,0.0316
85,1790705483650,BUY,T2,0.012320000000000001,0.01234,25.0,SNAPBACK,2657,0.0,16.23,12.63,0.0316
86,1790705483650,BUY,T2,0.012320000000000001,0.01234,25.0,SNAPBACK,2657,0.0,16.23,12.63,0.0316
87,1790705483650,BUY,T2,0.012320000000000001,0.01234,25.0,SNAPBACK,2657,0.0,16.23,12.63,0.0316
88,1790705483650,BUY,T2,0.012320000000000001,0.01234,25.0,SNAPBACK,2657,0.0,16.23,12.63,0.0316
89,1790705483650,BUY,T2,0.012320000000000001,0.01234,25.0,SNAPBACK,2657,0.0,16.23,12.63,0.0316
90,1790705483650,BUY,T2,0.012320000000000001,0.01234,25.0,SNAPBACK,2657,0.0,16.23,12.63,0.0316
91,1790705483650,BUY,T2,0.012320000000000001,0.01234,25.0,SNAPBACK,2657,0.0,16.23,12.63,0.0316
92,1790705483650,BUY,T2,0.012320000000000001,0.01234,25.0,SNAPBACK,2657,0.0,16.23,12.63,0.0316
93,1790705483650,BUY,T2,0.012320000000000001,0.01234,25.0,SNAPBACK,2657,0.0,16.23,12.63,0.0316
94,1790705505619,BUY,T2,0.01229,0.01231,25.0,SNAPBACK,2388,0.0,16.27,12.67,0.0317
95,1790705505619,BUY,T2,0.01229,0.01231,25.0,SNAPBACK,2388,0.0,16.27,12.67,0.0317
96,1790705541806,SELL,T2,0.01235,0.01233,25.0,SNAPBACK,16841,4.05,16.19,12.59,0.0315
97,1790705541832,SELL,T2,0.01235,0.01233,25.0,SNAPBACK,16815,4.05,16.19,12.59,0.0315
98,1790705558599,BUY,T2,0.012310000000000001,0.01233,25.0,SNAPBACK,150,0.0,16.25,12.65,0.0316
99,1790705558599,BUY,T2,0.012310000000000001,0.01233,25.0,SNAPBACK,150,0.0,16.25,12.65,0.0316
100,1790705558599,BUY,T2,0.012310000000000001,0.01233,25.0,SNAPBACK,150,0.0,16.25,12.65,0.0316
101,1790705558599,BUY,T2,0.012310000000000001,0.01233,25.0,SNAPBACK,150,0.0,16.25,12.65,0.0316
102,1790705558599,BUY,T2,0.012310000000000001,0.01233,25.0,SNAPBACK,150,0.0,16.25,12.65,0.0316
103,1790705558599,BUY,T2,0.012310000000000001,0.01233,25.0,SNAPBACK,150,0.0,16.25,12.65,0.0316
104,1790705558599,BUY,T2,0.012310000000000001,0.01233,25.0,SNAPBACK,150,0.0,16.25,12.65,0.0316
105,1790705558599,BUY,T2,0.012310000000000001,0.01233,25.0,SNAPBACK,150,0.0,16.25,12.65,0.0316
106,1790705558599,BUY,T2,0.012310000000000001,0.01233,25.0,SNAPBACK,150,0.0,16.25,12.65,0.0316
107,1790705563418,BUY,T2,0.012310000000000001,0.01233,25.0,SNAPBACK,16541,0.0,16.25,12.65,0.0316
108,1790705563418,BUY,T2,0.012310000000000001,0.01233,25.0,SNAPBACK,16541,0.0,16.25,12.65,0.0316
109,1790705563418,BUY,T2,0.012310000000000001,0.01233,25.0,SNAPBACK,16541,0.0,16.25,12.65,0.0316
110,1790705563418,BUY,T2,0.012310000000000001,0.01233,25.0,SNAPBACK,16541,0.0,16.25,12.65,0.0316
111,1790705563418,BUY,T2,0.012310000000000001,0.01233,25.0,SNAPBACK,16541,0.0,16.25,12.65,0.0316
112,1790705563418,BUY,T2,0.012310000000000001,0.01233,25.0,SNAPBACK,16541,0.0,16.25,12.65,0.0316
113,1790705563418,BUY,T2,0.012310000000000001,0.01233,25.0,SNAPBACK,16541,0.0,16.25,12.65,0.0316
114,1790705563418,BUY,T2,0.012310000000000001,0.01233,25.0,SNAPBACK,16541,0.0,16.25,12.65,0.0316
115,1790705563418,BUY,T2,0.012310000000000001,0.01233,25.0,SNAPBACK,16541,0.0,16.25,12.65,0.0316
116,1790705563418,BUY,T2,0.012310000000000001,0.01233,25.0,SNAPBACK,16541,0.0,16.25,12.65,0.0316
117,1790705563418,BUY,T2,0.012310000000000001,0.01233,25.0,SNAPBACK,16541,0.0,16.25,12.65,0.0316
118,1790705563418,BUY,T2,0.012310000000000001,0.01233,25.0,SNAPBACK,16541,0.0,16.25,12.65,0.0316
119,1790705563418,BUY,T2,0.012310000000000001,0.01233,25.0,SNAPBACK,16541,0.0,16.25,12.65,0.0316
120,1790705563418,BUY,T2,0.012310000000000001,0.01233,25.0,SNAPBACK,16541,0.0,16.25,12.65,0.0316
121,1790705563418,BUY,T2,0.012310000000000001,0.01233,25.0,SNAPBACK,16541,0.0,16.25,12.65,0.0316
122,1790705563418,BUY,T2,0.012310000000000001,0.01233,25.0,SNAPBACK,16541,0.0,16.25,12.65,0.0316
123,1790705563418,BUY,T2,0.012310000000000001,0.01233,25.0,SNAPBACK,16541,0.0,16.25,12.65,0.0316
124,1790705563418,BUY,T2,0.012310000000000001,0.01233,25.0,SNAPBACK,16541,0.0,16.25,12.65,0.0316
125,1790705563418,BUY,T2,0.012310000000000001,0.01233,25.0,SNAPBACK,16541,0.0,16.25,12.65,0.0316
126,1790705563418,BUY,T2,0.012310000000000001,0.01233,25.0,SNAPBACK,16541,0.0,16.25,12.65,0.0316
127,1790705563418,BUY,T3,0.0123,0.01233,50.0,SNAPBACK,16541,0.0,24.39,20.79,0.104
128,1790705563418,BUY,T2,0.012310000000000001,0.01233,25.0,SNAPBACK,16541,0.0,16.25,12.65,0.0316
129,1790705563418,BUY,T3,0.0123,0.01233,50.0,SNAPBACK,16541,0.0,24.39,20.79,0.104
130,1790705566066,BUY,T2,0.0123,0.01232,25.0,SNAPBACK,177,0.0,16.26,12.66,0.0317
131,1790705566066,BUY,T3,0.012289999999999999,0.01232,50.0,SNAPBACK,177,0.0,24.41,20.81,0.1041
132,1790705571407,BUY,T2,0.0123,0.01232,25.0,SNAPBACK,332,0.0,16.26,12.66,0.0317
133,1790705571407,BUY,T2,0.0123,0.01232,25.0,SNAPBACK,332,0.0,16.26,12.66,0.0317
134,1790705571407,BUY,T2,0.0123,0.01232,25.0,SNAPBACK,332,0.0,16.26,12.66,0.0317
135,1790705571407,BUY,T2,0.0123,0.01232,25.0,SNAPBACK,332,0.0,16.26,12.66,0.0317
136,1790705571407,BUY,T2,0.0123,0.01232,25.0,SNAPBACK,332,0.0,16.26,12.66,0.0317
137,1790705571407,BUY,T2,0.0123,0.01232,25.0,SNAPBACK,332,0.0,16.26,12.66,0.0317
138,1790705659354,BUY,T2,0.012350000000000002,0.01237,25.0,SNAPBACK,43563,4.05,16.19,12.59,0.0315
139,1790705659354,BUY,T2,0.012350000000000002,0.01237,25.0,SNAPBACK,43563,4.05,16.19,12.59,0.0315
140,1790705659354,BUY,T2,0.012350000000000002,0.01237,25.0,SNAPBACK,43563,4.05,16.19,12.59,0.0315
141,1790705659357,BUY,T2,0.012350000000000002,0.01237,25.0,SNAPBACK,43560,4.05,16.19,12.59,0.0315
142,1790705702915,SELL,T2,0.01239,0.01237,25.0,SNAPBACK,4616,0.0,16.14,12.54,0.0314
143,1790705702915,SELL,T2,0.01239,0.01237,25.0,SNAPBACK,4616,0.0,16.14,12.54,0.0314
144,1790705702915,SELL,T2,0.01239,0.01237,25.0,SNAPBACK,4616,0.0,16.14,12.54,0.0314
145,1790705702915,SELL,T2,0.01239,0.01237,25.0,SNAPBACK,4616,0.0,16.14,12.54,0.0314
146,1790705702915,SELL,T2,0.01239,0.01237,25.0,SNAPBACK,4616,0.0,16.14,12.54,0.0314
147,1790705702915,SELL,T2,0.01239,0.01237,25.0,SNAPBACK,4616,0.0,16.14,12.54,0.0314
148,1790705702915,SELL,T2,0.01239,0.01237,25.0,SNAPBACK,4616,0.0,16.14,12.54,0.0314
149,1790705702915,SELL,T2,0.01239,0.01237,25.0,SNAPBACK,4616,0.0,16.14,12.54,0.0314
150,1790705702915,SELL,T2,0.01239,0.01237,25.0,SNAPBACK,4616,0.0,16.14,12.54,0.0314
