symbol,fill_id,side,qty,px,slot,notional_usd,inv_usd_after,status,exit_bps,net_rt_usd,running_total_pnl
BEATUSDT,1,BUY,273.4,0.0913,t1,24.96,25.0,SNAPBACK,10.95,0.0184,0.0184
BEATUSDT,2,SELL,273.7,0.0915,t1,25.04,-25.0,SNAPBACK,10.93,0.0184,0.0461
BEATUSDT,3,BUY,273.1,0.0914,t1,24.96,-0.1,SNAPBACK,10.94,0.0183,0.0185
BEATUSDT,4,BUY,273.1,0.0914,t1,24.96,-0.1,STOP_BAILOUT,-27.35,-0.084,-0.0745
BEATUSDT,5,BUY,273.4,0.0913,t1,24.96,24.9,STOP_BAILOUT,-27.38,-0.0841,-0.113
BEATUSDT,6,BUY,273.7,0.0912,t1,24.96,25.0,SNAPBACK,10.96,0.0184,-0.0947
BEATUSDT,7,SELL,273.1,0.0917,t1,25.04,-25.0,SNAPBACK,10.91,0.0183,-0.0945
BEATUSDT,8,BUY,272.8,0.0915,t1,24.96,-0.0,SNAPBACK,10.93,0.0183,-0.0762
BEATUSDT,9,SELL,273.4,0.0916,t1,25.04,-0.1,STOP_BAILOUT,-27.29,-0.0841,-0.1422
ESPORTSUSDT,1,SELL,2027.0,0.01235,t1,25.03,-25.0,SNAPBACK,8.1,0.0113,0.0113
ESPORTSUSDT,2,BUY,2025.0,0.01233,t1,24.97,25.0,SNAPBACK,8.11,0.0113,0.0394
ESPORTSUSDT,3,BUY,2026.0,0.01232,t1,24.96,50.0,SNAPBACK,8.12,0.0113,0.018
ESPORTSUSDT,4,SELL,2028.0,0.01235,t1,25.05,-0.0,SNAPBACK,8.1,0.0113,0.0507
ESPORTSUSDT,5,BUY,2025.0,0.01233,t1,24.97,-0.0,SNAPBACK,8.11,0.0113,0.0732
ESPORTSUSDT,6,SELL,2027.0,0.01235,t1,25.03,-0.0,SNAPBACK,8.1,0.0113,0.0619
ESPORTSUSDT,7,SELL,2027.0,0.01235,t1,25.03,-0.0,STOP_BAILOUT,-20.24,-0.0664,0.0011
ESPORTSUSDT,8,BUY,2019.0,0.01237,t1,24.98,25.0,SNAPBACK,8.08,0.0112,0.0235
ESPORTSUSDT,9,SELL,2022.0,0.01238,t1,25.03,-0.0,SNAPBACK,8.08,0.0112,0.0773
ESPORTSUSDT,10,SELL,2020.0,0.01239,t1,25.03,-25.0,SNAPBACK,8.07,0.0112,0.0291
ESPORTSUSDT,11,BUY,2019.0,0.01237,t1,24.98,-0.0,SNAPBACK,8.08,0.0112,0.0257
ESPORTSUSDT,12,SELL,2020.0,0.01239,t1,25.03,-25.0,SNAPBACK,8.07,0.0112,0.0425
ESPORTSUSDT,13,BUY,2019.0,0.01237,t1,24.98,-25.1,STOP_BAILOUT,-20.21,-0.0662,0.0527
ESPORTSUSDT,14,BUY,2022.0,0.01235,t1,24.97,50.0,SNAPBACK,8.1,0.0112,0.0538
ESPORTSUSDT,15,BUY,2022.0,0.01235,t1,24.97,50.0,SNAPBACK,8.1,0.0112,0.065
ESPORTSUSDT,16,BUY,2022.0,0.01235,t1,24.97,50.0,SNAPBACK,8.1,0.0112,0.0818
ESPORTSUSDT,17,SELL,2023.0,0.01237,t1,25.02,24.9,SNAPBACK,8.08,0.0112,0.0729
ESPORTSUSDT,18,BUY,2022.0,0.01235,t1,24.97,25.0,SNAPBACK,8.1,0.0112,0.0987
ESPORTSUSDT,19,BUY,2023.0,0.01234,t1,24.96,49.9,SNAPBACK,8.1,0.0112,0.0639
ESPORTSUSDT,20,SELL,2025.0,0.01236,t1,25.03,-0.0,STOP_BAILOUT,-20.23,-0.0664,-0.0205
ESPORTSUSDT,21,BUY,2022.0,0.01235,t1,24.97,-0.0,SNAPBACK,8.1,0.0112,0.0549
ESPORTSUSDT,22,BUY,2022.0,0.01235,t1,24.97,-0.0,SNAPBACK,8.1,0.0112,0.0717
ESPORTSUSDT,23,SELL,2023.0,0.01237,t1,25.02,-25.0,STOP_BAILOUT,-20.21,-0.0663,-0.052
ESPORTSUSDT,24,SELL,2019.0,0.01241,t2,25.06,-25.0,SNAPBACK,16.12,0.0314,-0.0129
ESPORTSUSDT,25,BUY,2015.0,0.01239,t1,24.97,-0.0,SNAPBACK,8.07,0.0112,-0.07
ESPORTSUSDT,26,SELL,2017.0,0.01241,t1,25.03,-25.1,SNAPBACK,8.06,0.0112,-0.0039
ESPORTSUSDT,27,BUY,2015.0,0.01239,t1,24.97,-0.0,SNAPBACK,8.07,0.0112,0.0038
ESPORTSUSDT,28,SELL,2019.0,0.0124,t1,25.04,-0.0,SNAPBACK,8.06,0.0112,0.0307
ESPORTSUSDT,29,SELL,2017.0,0.01241,t1,25.03,-25.1,SNAPBACK,8.06,0.0112,0.0352
ESPORTSUSDT,30,BUY,2015.0,0.01239,t1,24.97,-25.1,SNAPBACK,8.07,0.0112,0.0799
ESPORTSUSDT,31,SELL,2019.0,0.0124,t1,25.04,-0.0,SNAPBACK,8.06,0.0112,0.0486
ESPORTSUSDT,32,SELL,2017.0,0.01241,t1,25.03,-25.1,SNAPBACK,8.06,0.0112,0.0575
ESPORTSUSDT,33,BUY,2017.0,0.01238,t1,24.97,25.0,SNAPBACK,8.08,0.0112,0.0743
ESPORTSUSDT,34,BUY,2015.0,0.01239,t1,24.97,25.0,SNAPBACK,8.07,0.0112,0.1268
ESPORTSUSDT,35,BUY,2019.0,0.01237,t1,24.98,50.0,SNAPBACK,8.08,0.0112,0.0765
ESPORTSUSDT,36,SELL,2019.0,0.0124,t1,25.04,-0.0,SNAPBACK,8.06,0.0112,0.0933
ESPORTSUSDT,37,BUY,2017.0,0.01238,t1,24.97,25.0,SNAPBACK,8.08,0.0112,0.1246
ESPORTSUSDT,38,SELL,2019.0,0.0124,t1,25.04,24.9,SNAPBACK,8.06,0.0112,0.1603
ESPORTSUSDT,39,BUY,2017.0,0.01238,t1,24.97,25.0,SNAPBACK,8.08,0.0112,0.1358
ESPORTSUSDT,40,SELL,2017.0,0.01241,t1,25.03,-25.1,SNAPBACK,8.06,0.0112,0.1581
ESPORTSUSDT,41,BUY,2015.0,0.01239,t1,24.97,-25.1,STOP_BAILOUT,-20.18,-0.0661,0.0684
ESPORTSUSDT,42,BUY,2017.0,0.01238,t1,24.97,25.0,SNAPBACK,8.08,0.0112,0.1693
ESPORTSUSDT,43,BUY,2017.0,0.01238,t1,24.97,25.0,SNAPBACK,8.08,0.0112,0.1513
ESPORTSUSDT,44,SELL,2020.0,0.01239,t1,25.03,-0.0,STOP_BAILOUT,-20.18,-0.0663,0.0245
ESPORTSUSDT,45,BUY,2019.0,0.01237,t1,24.98,25.0,SNAPBACK,8.08,0.0112,0.0762
ESPORTSUSDT,46,SELL,2019.0,0.0124,t1,25.04,-0.0,STOP_BAILOUT,-24.19,-0.0763,-0.017
ESPORTSUSDT,47,SELL,2011.0,0.01245,t1,25.04,-25.0,SNAPBACK,8.03,0.0111,-0.0205
ESPORTSUSDT,48,BUY,2007.0,0.01244,t1,24.97,-0.0,STOP_BAILOUT,-20.1,-0.0659,-0.0663
ESPORTSUSDT,49,BUY,2012.0,0.01241,t1,24.97,49.9,SNAPBACK,8.06,0.0111,-0.0429
ESPORTSUSDT,50,BUY,2014.0,0.0124,t1,24.97,50.0,SNAPBACK,8.06,0.0111,-0.0551
ESPORTSUSDT,51,BUY,2014.0,0.0124,t1,24.97,50.0,SNAPBACK,8.06,0.0111,-0.0384
ESPORTSUSDT,52,SELL,2015.0,0.01242,t1,25.03,24.9,STOP_BAILOUT,-20.13,-0.0661,-0.1046
ESPORTSUSDT,53,SELL,2010.0,0.01245,t1,25.02,-25.0,SNAPBACK,8.03,0.0111,-0.0935
ESPORTSUSDT,54,SELL,2010.0,0.01245,t1,25.02,-25.0,SNAPBACK,8.03,0.0111,-0.0869
ESPORTSUSDT,55,BUY,2009.0,0.01243,t1,24.97,-0.0,STOP_BAILOUT,-20.11,-0.066,-0.183
ESPORTSUSDT,56,BUY,2010.0,0.01242,t1,24.96,50.0,STOP_BAILOUT,-20.13,-0.066,-0.1976
ESPORTSUSDT,57,SELL,2015.0,0.01242,t1,25.03,-0.1,SNAPBACK,8.05,0.0111,-0.1718
ESPORTSUSDT,58,BUY,2015.0,0.01239,t1,24.97,49.9,SNAPBACK,8.07,0.0112,-0.1808
ESPORTSUSDT,59,BUY,2017.0,0.01238,t1,24.97,50.0,SNAPBACK,8.08,0.0112,-0.1864
ESPORTSUSDT,60,BUY,2015.0,0.01239,t1,24.97,25.0,SNAPBACK,8.07,0.0112,-0.1697
ESPORTSUSDT,61,BUY,2015.0,0.01239,t1,24.97,25.0,SNAPBACK,8.07,0.0112,-0.1585
ESPORTSUSDT,62,BUY,2015.0,0.01239,t1,24.97,25.0,SNAPBACK,8.07,0.0112,-0.1473
ESPORTSUSDT,63,SELL,2015.0,0.01242,t1,25.03,-25.0,SNAPBACK,8.05,0.0111,-0.1362
ESPORTSUSDT,64,BUY,2015.0,0.01239,t1,24.97,25.0,STOP_BAILOUT,-44.39,-0.1266,-0.3244
ESPORTSUSDT,65,BUY,2019.0,0.01237,t1,24.98,50.0,SNAPBACK,8.08,0.0112,-0.1396
ESPORTSUSDT,66,BUY,2017.0,0.01238,t1,24.97,50.0,SNAPBACK,8.08,0.0112,-0.097
ESPORTSUSDT,67,SELL,2020.0,0.01239,t1,25.03,24.9,SNAPBACK,8.07,0.0112,-0.1631
ESPORTSUSDT,68,BUY,2017.0,0.01238,t1,24.97,50.0,STOP_BAILOUT,-36.35,-0.1065,-0.3357
ESPORTSUSDT,69,BUY,2027.0,0.01232,t1,24.97,25.0,SNAPBACK,8.12,0.0113,-0.3075
ESPORTSUSDT,70,SELL,2028.0,0.01234,t1,25.03,-0.0,SNAPBACK,8.1,0.0113,-0.3188
ESPORTSUSDT,71,SELL,2028.0,0.01234,t1,25.03,-0.0,SNAPBACK,8.1,0.0113,-0.3019
ESPORTSUSDT,72,BUY,2028.0,0.01231,t1,24.96,25.0,SNAPBACK,8.12,0.0113,-0.2906
ESPORTSUSDT,73,BUY,2028.0,0.01231,t1,24.96,25.0,SNAPBACK,8.12,0.0113,-0.2793
ESPORTSUSDT,74,BUY,2028.0,0.01231,t1,24.96,25.0,SNAPBACK,8.12,0.0113,-0.268
ESPORTSUSDT,75,BUY,2028.0,0.01231,t1,24.96,25.0,SNAPBACK,8.12,0.0113,-0.2567
ESPORTSUSDT,76,BUY,2028.0,0.01231,t1,24.96,25.0,SNAPBACK,8.12,0.0113,-0.2454
ESPORTSUSDT,77,BUY,2029.0,0.0123,t1,24.96,25.0,SNAPBACK,8.13,0.0113,-0.2341
ESPORTSUSDT,78,BUY,2028.0,0.01231,t1,24.96,25.0,SNAPBACK,8.12,0.0113,-0.2228
ESPORTSUSDT,79,BUY,2027.0,0.01232,t1,24.97,25.0,SNAPBACK,8.12,0.0113,-0.2115
ESPORTSUSDT,80,BUY,2028.0,0.01231,t1,24.96,25.0,SNAPBACK,8.12,0.0113,-0.2002
ESPORTSUSDT,81,BUY,2028.0,0.01231,t1,24.96,25.0,SNAPBACK,8.12,0.0113,-0.1889
ESPORTSUSDT,82,SELL,2029.0,0.01234,t1,25.04,-25.0,SNAPBACK,8.1,0.0113,-0.1472
ESPORTSUSDT,83,BUY,2025.0,0.01233,t1,24.97,-0.0,SNAPBACK,8.11,0.0113,-0.1822
ESPORTSUSDT,84,BUY,2025.0,0.01233,t1,24.97,-0.0,SNAPBACK,8.11,0.0113,-0.1754
ESPORTSUSDT,85,SELL,2027.0,0.01235,t1,25.03,-25.1,SNAPBACK,8.1,0.0113,-0.1326
ESPORTSUSDT,86,SELL,2025.0,0.01237,t2,25.05,-75.1,SNAPBACK,16.17,0.0315,-0.1383
ESPORTSUSDT,87,BUY,2023.0,0.01234,t1,24.96,-50.1,STOP_BAILOUT,-20.26,-0.0663,-0.1279
ESPORTSUSDT,88,BUY,2027.0,0.01232,t1,24.97,50.0,SNAPBACK,8.12,0.0113,-0.1157
ESPORTSUSDT,89,SELL,2028.0,0.01234,t1,25.03,-0.1,SNAPBACK,8.1,0.0113,-0.1247
ESPORTSUSDT,90,SELL,2028.0,0.01234,t1,25.03,-0.1,SNAPBACK,8.1,0.0113,-0.1033
ESPORTSUSDT,91,BUY,2028.0,0.01231,t1,24.96,49.9,SNAPBACK,8.12,0.0113,-0.1122
ESPORTSUSDT,92,BUY,2028.0,0.01231,t1,24.96,49.9,SNAPBACK,8.12,0.0113,-0.1166
ESPORTSUSDT,93,SELL,2030.0,0.01233,t1,25.03,-0.0,SNAPBACK,8.11,0.0113,-0.111
ESPORTSUSDT,94,SELL,2032.0,0.01232,t1,25.03,-25.0,SNAPBACK,8.12,0.0113,-0.094
ESPORTSUSDT,95,BUY,2030.0,0.0123,t1,24.97,-0.0,SNAPBACK,8.13,0.0113,-0.0771
ESPORTSUSDT,96,BUY,2032.0,0.01229,t1,24.97,50.0,SNAPBACK,8.14,0.0113,-0.0827
ESPORTSUSDT,97,BUY,2030.0,0.0123,t1,24.97,25.0,SNAPBACK,8.13,0.0113,-0.0657
ESPORTSUSDT,98,SELL,2030.0,0.01233,t1,25.03,-25.0,SNAPBACK,8.11,0.0113,-0.0488
ESPORTSUSDT,99,BUY,2028.0,0.01231,t1,24.96,-0.0,SNAPBACK,8.12,0.0113,-0.0262
ESPORTSUSDT,100,BUY,2030.0,0.0123,t1,24.97,50.0,SNAPBACK,8.13,0.0113,-0.0375
ESPORTSUSDT,101,SELL,2030.0,0.01233,t1,25.03,-0.0,SNAPBACK,8.11,0.0113,-0.0149
ESPORTSUSDT,102,BUY,2028.0,0.01231,t1,24.96,-0.0,SNAPBACK,8.12,0.0113,-0.0036
ESPORTSUSDT,103,SELL,2030.0,0.01233,t1,25.03,-0.0,SNAPBACK,8.11,0.0113,0.0077
ESPORTSUSDT,104,BUY,2028.0,0.01231,t1,24.96,-0.0,STOP_BAILOUT,-20.31,-0.0664,0.0035
ESPORTSUSDT,105,BUY,2030.0,0.0123,t1,24.97,50.0,SNAPBACK,8.13,0.0113,0.019
ESPORTSUSDT,106,BUY,2030.0,0.0123,t1,24.97,50.0,SNAPBACK,8.13,0.0113,0.0303
ESPORTSUSDT,107,BUY,2032.0,0.01229,t1,24.97,50.0,SNAPBACK,8.14,0.0113,0.027
ESPORTSUSDT,108,SELL,2033.0,0.01231,t1,25.03,24.9,SNAPBACK,8.12,0.0113,0.018
ESPORTSUSDT,109,BUY,2032.0,0.01229,t1,24.97,24.9,SNAPBACK,8.14,0.0113,0.0497
ESPORTSUSDT,110,SELL,2033.0,0.01231,t1,25.03,24.9,SNAPBACK,8.12,0.0113,0.035
ESPORTSUSDT,111,BUY,2037.0,0.01226,t1,24.97,25.0,SNAPBACK,8.16,0.0114,0.0149
ESPORTSUSDT,112,BUY,2035.0,0.01227,t1,24.97,25.0,SNAPBACK,8.15,0.0114,0.0319
ESPORTSUSDT,113,SELL,2036.0,0.0123,t1,25.04,-0.0,SNAPBACK,8.13,0.0113,0.1046
ESPORTSUSDT,114,BUY,2032.0,0.01229,t1,24.97,-0.0,SNAPBACK,8.14,0.0113,0.0025
ESPORTSUSDT,115,BUY,2030.0,0.0123,t1,24.97,-0.1,STOP_BAILOUT,-20.33,-0.0665,0.0731
ESPORTSUSDT,116,SELL,2032.0,0.01232,t1,25.03,-25.1,SNAPBACK,8.12,0.0113,0.0399
ESPORTSUSDT,117,BUY,2032.0,0.01229,t1,24.97,24.9,SNAPBACK,8.14,0.0113,0.0512
ESPORTSUSDT,118,BUY,2032.0,0.01229,t1,24.97,24.9,SNAPBACK,8.14,0.0113,0.0795
ESPORTSUSDT,119,BUY,2033.0,0.01228,t1,24.97,49.9,SNAPBACK,8.14,0.0113,0.0683
ESPORTSUSDT,120,SELL,2033.0,0.01231,t1,25.03,-0.1,SNAPBACK,8.12,0.0113,0.0852
ESPORTSUSDT,121,SELL,2033.0,0.01231,t1,25.03,-25.1,SNAPBACK,8.12,0.0113,0.1022
ESPORTSUSDT,122,BUY,2032.0,0.01229,t1,24.97,-0.1,SNAPBACK,8.14,0.0113,0.1237
ESPORTSUSDT,123,SELL,2033.0,0.01231,t1,25.03,-0.1,SNAPBACK,8.12,0.0113,0.1192
ESPORTSUSDT,124,SELL,2037.0,0.01229,t1,25.03,-25.0,SNAPBACK,8.14,0.0114,0.0844
ESPORTSUSDT,125,SELL,2035.0,0.0123,t1,25.03,-25.0,SNAPBACK,8.13,0.0113,0.0868
ESPORTSUSDT,126,BUY,2032.0,0.01229,t1,24.97,-0.0,STOP_BAILOUT,-20.34,-0.0665,0.0713
ESPORTSUSDT,127,BUY,2033.0,0.01228,t1,24.97,25.0,SNAPBACK,8.14,0.0113,0.1128
ESPORTSUSDT,128,BUY,2035.0,0.01227,t1,24.97,50.0,SNAPBACK,8.15,0.0114,0.1038
ESPORTSUSDT,129,SELL,2037.0,0.01229,t1,25.03,-0.1,SNAPBACK,8.14,0.0114,0.105
ESPORTSUSDT,130,BUY,2035.0,0.01227,t1,24.97,50.0,SNAPBACK,8.15,0.0114,0.1164
ESPORTSUSDT,131,SELL,2035.0,0.0123,t1,25.03,-0.0,SNAPBACK,8.13,0.0113,0.1379
ESPORTSUSDT,132,BUY,2035.0,0.01227,t1,24.97,50.0,STOP_BAILOUT,-20.37,-0.0666,0.0047
ESPORTSUSDT,133,BUY,2038.0,0.01225,t1,24.97,50.0,SNAPBACK,8.16,0.0114,0.0365
ESPORTSUSDT,134,SELL,2040.0,0.01227,t1,25.03,-0.0,SNAPBACK,8.15,0.0114,0.0479
ESPORTSUSDT,135,BUY,2038.0,0.01225,t1,24.97,-0.0,SNAPBACK,8.16,0.0114,0.0592
ESPORTSUSDT,136,SELL,2040.0,0.01227,t1,25.03,-0.0,SNAPBACK,8.15,0.0114,0.0901
ESPORTSUSDT,137,BUY,2037.0,0.01226,t1,24.97,-0.0,SNAPBACK,8.16,0.0114,0.0604
ESPORTSUSDT,138,BUY,2037.0,0.01226,t1,24.97,-0.0,STOP_BAILOUT,-20.39,-0.0667,0.0291
ESPORTSUSDT,139,BUY,2038.0,0.01225,t1,24.97,25.0,SNAPBACK,8.16,0.0114,0.0877
ESPORTSUSDT,140,BUY,2038.0,0.01225,t1,24.97,25.0,SNAPBACK,8.16,0.0114,0.0991
ESPORTSUSDT,141,BUY,2038.0,0.01225,t1,24.97,25.0,SNAPBACK,8.16,0.0114,0.106
ESPORTSUSDT,142,BUY,2039.0,0.01224,t1,24.96,50.0,SNAPBACK,8.17,0.0114,0.0895
ESPORTSUSDT,143,SELL,2043.0,0.01225,t1,25.03,-0.0,SNAPBACK,8.16,0.0114,0.0463
ESPORTSUSDT,144,BUY,2042.0,0.01223,t1,24.97,25.0,SNAPBACK,8.18,0.0114,0.0724
ESPORTSUSDT,145,BUY,2042.0,0.01223,t1,24.97,50.0,SNAPBACK,8.18,0.0114,0.0838
ESPORTSUSDT,146,BUY,2040.0,0.01224,t1,24.97,25.0,SNAPBACK,8.17,0.0114,0.0862
ESPORTSUSDT,147,SELL,2040.0,0.01227,t1,25.03,0.0,SNAPBACK,8.15,0.0114,0.1749
ESPORTSUSDT,148,BUY,2035.0,0.01227,t1,24.97,-0.1,SNAPBACK,8.15,0.0114,0.1146
ESPORTSUSDT,149,BUY,2037.0,0.01226,t1,24.97,24.9,SNAPBACK,8.16,0.0114,0.1033
ESPORTSUSDT,150,SELL,2037.0,0.01229,t1,25.03,-25.1,SNAPBACK,8.14,0.0114,0.1101
ESPORTSUSDT,151,BUY,2037.0,0.01226,t1,24.97,-0.0,SNAPBACK,8.16,0.0114,0.1419
ESPORTSUSDT,152,BUY,2038.0,0.01225,t1,24.97,-0.0,SNAPBACK,8.16,0.0114,0.1635
ESPORTSUSDT,153,BUY,2038.0,0.01225,t1,24.97,-0.0,SNAPBACK,8.16,0.0114,0.1806
ESPORTSUSDT,154,SELL,2038.0,0.01228,t1,25.03,-25.0,SNAPBACK,8.14,0.0114,0.1773
ESPORTSUSDT,155,BUY,2035.0,0.01227,t1,24.97,-0.0,STOP_BAILOUT,-20.37,-0.0666,0.1107
ESPORTSUSDT,156,BUY,2038.0,0.01225,t1,24.97,50.0,STOP_BAILOUT,-20.41,-0.0667,0.1158
ESPORTSUSDT,157,SELL,2042.0,0.01226,t1,25.03,-0.0,SNAPBACK,8.16,0.0114,0.1323
ESPORTSUSDT,158,BUY,2042.0,0.01223,t1,24.97,50.0,SNAPBACK,8.18,0.0114,0.1539
ESPORTSUSDT,159,BUY,2040.0,0.01224,t1,24.97,50.0,SNAPBACK,8.17,0.0114,0.1653
ESPORTSUSDT,160,BUY,2040.0,0.01224,t1,24.97,50.0,SNAPBACK,8.17,0.0114,0.1767
ESPORTSUSDT,161,BUY,2042.0,0.01223,t1,24.97,50.0,SNAPBACK,8.18,0.0114,0.1678
ESPORTSUSDT,162,BUY,2045.0,0.01221,t1,24.97,25.0,SNAPBACK,8.19,0.0115,0.124
ESPORTSUSDT,163,BUY,2047.0,0.0122,t1,24.97,50.0,SNAPBACK,8.2,0.0115,0.1387
ESPORTSUSDT,164,SELL,2048.0,0.01222,t1,25.03,24.9,STOP_BAILOUT,-20.46,-0.067,0.048
ESPORTSUSDT,165,BUY,2045.0,0.01221,t1,24.97,-0.0,SNAPBACK,8.19,0.0115,0.1616
ESPORTSUSDT,166,SELL,2047.0,0.01223,t1,25.03,-25.0,STOP_BAILOUT,-20.44,-0.0669,0.0277
ESPORTSUSDT,167,BUY,2042.0,0.01223,t1,24.97,-0.1,SNAPBACK,8.18,0.0114,0.0594
ESPORTSUSDT,168,SELL,2042.0,0.01226,t1,25.03,-25.0,SNAPBACK,8.16,0.0114,0.0382
ESPORTSUSDT,169,BUY,2038.0,0.01225,t1,24.97,-0.0,SNAPBACK,8.16,0.0114,0.0243
ESPORTSUSDT,170,BUY,2038.0,0.01225,t1,24.97,-0.0,SNAPBACK,8.16,0.0114,0.0414
ESPORTSUSDT,171,SELL,2040.0,0.01227,t1,25.03,-25.0,SNAPBACK,8.15,0.0114,0.0676
ESPORTSUSDT,172,BUY,2040.0,0.01224,t1,24.97,-0.0,OPEN,0.0,0.0,0.0
ESPORTSUSDT,173,SELL,2045.0,0.01224,t1,25.03,-0.1,SNAPBACK,8.17,0.0114,0.0782
ESPORTSUSDT,174,SELL,2043.0,0.01225,t1,25.03,-25.1,SNAPBACK,8.16,0.0114,0.0757
ESPORTSUSDT,175,BUY,2043.0,0.01222,t1,24.97,24.9,SNAPBACK,8.18,0.0114,0.0871
ESPORTSUSDT,176,BUY,2043.0,0.01222,t1,24.97,24.9,SNAPBACK,8.18,0.0114,0.11
ESPORTSUSDT,177,SELL,2045.0,0.01224,t1,25.03,24.9,OPEN,0.0,0.0,0.0
XPINUSDT,1,BUY,29019.0,0.00086,t1,24.96,25.0,SNAPBACK,11.63,0.02,0.02
XPINUSDT,2,BUY,29019.0,0.00086,t1,24.96,25.0,SNAPBACK,11.63,0.02,0.0401
XPINUSDT,3,SELL,29053.0,0.00086,t1,25.04,-25.0,SNAPBACK,11.6,0.02,0.0601
XPINUSDT,4,SELL,29053.0,0.00086,t1,25.04,-25.0,SNAPBACK,11.6,0.02,0.0801
